{
  "total_return": 1.2016204464525573,
  "annualized_return": 0.21321264024405506,
  "volatility": 0.17654148653503085,
  "sharpe_ratio": 0.9811441131695963,
  "max_drawdown": -0.23984812909080258,
  "win_rate": 0.6122448979591837,
  "n_periods": 49,
  "avg_monthly_return": 0.017507859799696684,
  "final_value": 2498219.174286655
}